x,y,label
-2.16204,-0.71013,2
-3.64643,0.71469,2
1.39252,3.18463,1
-2.96986,-0.59397,2
2.24365,1.57775,1
1.48481,4.36687,1
-1.38797,-5.25070,2
1.22128,4.49604,1
2.55357,3.19409,1
-3.94490,-0.94454,2
3.24497,2.49306,1
-2.47100,-7.45813,2
-2.44353,-1.43873,2
-0.68194,-4.79707,2
-5.79373,-2.85583,2
-2.08753,-1.83473,2
2.07677,1.64832,1
-4.43508,-4.30068,2
0.67934,-2.46166,2
3.61417,3.75751,1
4.03754,2.48998,1
2.12438,1.61720,1
2.35343,1.91845,1
-3.85661,1.82389,2
-2.94259,-2.89075,2
3.04557,2.34840,1
4.58602,1.76218,1
-3.16697,-0.05484,2
-3.17218,-3.18488,2
-1.27641,0.42286,2
3.08228,4.06548,1
-1.14043,0.60516,2
2.55996,3.13074,1
-3.64096,-3.38054,2
3.82317,3.07332,1
-4.81443,-2.82822,2
2.54993,3.62285,1
2.63903,4.15933,1
-3.75335,-1.85156,2
1.29662,2.94445,1
-2.17679,-0.26969,2
-3.18359,-3.41432,2
-3.29603,0.28964,2
2.90470,3.27902,1
3.47898,3.33366,1
2.00946,2.43370,1
-3.68432,-4.45661,2
3.71096,3.44426,1
-2.72055,-0.05422,2
3.72167,1.87095,1
4.47789,2.48173,1
2.92290,3.34115,1
3.59065,4.10870,1
2.91026,4.44012,1
3.74729,3.61037,1
-0.60284,-2.90250,2
-3.03422,-2.09723,2
2.81313,2.56027,1
3.24380,2.43592,1
3.16645,3.49245,1
-0.06303,-3.71920,2
-1.68784,-4.43895,2
-0.52572,-6.13632,2
3.62412,3.62835,1
2.84821,3.58832,1
3.02451,3.49800,1
3.36660,2.06012,1
3.36140,4.53804,1
-1.07081,-2.49931,2
-0.09026,-1.61553,2
2.82305,2.20170,1
-3.69828,-0.77228,2
-2.59395,-0.86872,2
-2.67018,-1.41638,2
2.65729,2.19772,1
4.55050,2.00165,1
2.28470,3.67960,1
3.25603,3.98269,1
-2.36683,-3.23993,2
-0.25794,-2.71741,2
4.84664,1.92992,1
3.19808,2.85564,1
4.14282,3.75193,1
-2.82241,-3.33553,2
2.83288,3.14671,1
-2.86143,-0.57211,2
1.55192,1.59254,1
2.37518,3.02609,1
3.36164,2.35488,1
-3.05446,-0.58800,2
1.33059,3.54336,1
-1.65243,-3.30734,2
1.93770,3.47359,1
-3.60545,-6.48062,2
3.73847,3.17137,1
1.99838,2.71890,1
3.37115,2.39601,1
1.30754,4.52955,1
-3.43716,-2.57057,2
4.44127,1.56414,1
3.02832,3.02976,1
2.88546,4.23782,1
3.44001,2.49795,1
-2.68429,-0.63859,2
-3.03234,-0.09983,2
-1.21537,-6.96462,2
-4.20282,-3.46739,2
2.92983,1.33904,1
3.07157,2.52234,1
2.30027,3.21398,1
-0.87679,-6.17927,2
3.09612,2.53772,1
-1.98325,-0.34868,2
3.44382,3.77463,1
-5.12552,2.91293,2
-2.05058,-3.35807,2
0.45033,-0.71346,2
-2.37124,-5.67408,2
1.15913,1.72042,1
3.33850,2.58471,1
2.44108,3.37721,1
4.46565,2.77422,1
-1.82121,-2.26013,2
-5.46033,-0.43128,2
2.36226,2.46900,1
3.82254,1.77916,1
-1.35281,-6.61154,2
-2.32868,-0.57186,2
3.12810,2.31895,1
2.74743,1.75222,1
3.50092,2.02244,1
-3.77949,-1.25953,2
2.79188,2.50700,1
-5.09996,-0.87673,2
2.27286,2.75248,1
2.44778,3.63293,1
1.08123,2.97349,1
3.58393,2.64071,1
-1.58431,-2.57608,2
2.96417,4.56464,1
-2.39428,-5.37558,2
-2.28181,0.41776,2
3.32272,2.17277,1
3.84064,2.34738,1
3.92403,2.81510,1
3.95400,3.65139,1
-3.95843,-1.97147,2
2.89297,1.96476,1
-1.10432,-2.28630,2
-3.19741,1.66975,2
2.33821,3.85243,1
-4.30021,1.63779,2
4.38216,3.64871,1
2.07307,2.94047,1
2.31998,3.23225,1
5.06075,4.75534,1
3.10939,3.72577,1
1.40557,2.40062,1
-2.63135,-1.89531,2
-0.81752,1.21406,2
2.34816,3.04740,1
4.64497,2.75096,1
3.47324,2.92717,1
-2.50997,-4.04581,2
-4.62118,0.65246,2
-4.12575,-3.71343,2
-3.61587,-1.41362,2
0.96188,1.99191,1
-1.43065,-1.58072,2
3.79103,2.09061,1
-2.40014,-3.71632,2
2.92799,4.00353,1
3.28917,5.45530,1
-5.58891,-4.46256,2
2.51464,3.08187,1
-3.20874,-2.27738,2
1.64014,3.74625,1
3.42962,3.20769,1
1.91894,3.61594,1
2.98358,4.18839,1
2.48239,3.22379,1
-3.07268,-0.48208,2
-4.06345,-2.52328,2
0.52563,-2.13111,2
1.37246,3.04808,1
2.20748,2.88526,1
-1.35834,-5.89500,2
3.01842,4.67644,1
1.92911,3.48247,1
-2.00839,-1.66417,2
2.99203,4.47994,1
-1.35686,-2.84336,2
2.42436,3.12201,1
-0.40042,-2.17872,2
-2.38917,-4.43440,2
-2.44025,-4.39880,2
-3.71386,-5.23451,2
1.65555,2.08135,1
-6.04535,-5.21682,2
2.57981,2.71822,1
5.12216,4.03247,1
3.65020,2.90082,1
1.99398,1.78581,1
-5.66134,-3.28742,2
3.64272,4.32915,1
0.15553,0.87402,2
-4.06319,-2.33197,2
4.19505,1.47681,1
3.28099,2.37730,1
1.43745,-7.77551,2
3.31091,4.47536,1
1.12921,2.64849,1
3.19585,2.02163,1
-2.60037,-3.37370,2
3.57089,4.13557,1
3.09708,3.96864,1
2.42323,3.75539,1
0.93256,2.91088,1
-2.08473,-2.10731,2
-2.36025,-3.17808,2
0.66220,-0.34492,2
-5.63968,-4.60286,2
0.23988,-8.58884,2
2.02413,4.05364,1
-1.34046,-1.51775,2
-0.89179,-3.47727,2
-3.51877,-3.53427,2
2.42882,3.57258,1
-2.73059,-2.25767,2
-7.13141,-5.39738,2
-4.27063,-1.80033,2
4.30548,3.02100,1
3.08659,2.84432,1
2.34936,2.51287,1
-3.04138,-2.15678,2
-4.05345,-3.36463,2
-0.41763,-4.35420,2
2.76105,2.09244,1
3.56977,3.44771,1
3.81286,3.62963,1
0.12615,-0.84470,2
2.55571,3.37730,1
2.75967,2.62518,1
-2.83025,-2.91502,2
4.44698,3.19655,1
2.13959,2.61544,1
-3.52413,-1.78447,2
4.66547,4.01437,1
2.10159,3.49192,1
-2.99569,-2.64095,2
-4.48975,-1.62980,2
4.88202,4.34542,1
-2.38295,0.86290,2
-1.79309,-1.67009,2
-2.42434,-4.72821,2
2.37303,4.81245,1
1.99586,2.23220,1
-5.50095,-2.68497,2
1.46589,4.27768,1
-2.08319,-4.75509,2
-4.27832,-3.24871,2
2.68473,3.75897,1
1.59249,2.22218,1
-2.39183,-2.14597,2
1.67181,3.19686,1
-1.64899,-1.44283,2
3.82941,0.78886,1
-3.29588,-4.25705,2
-4.31984,-3.06105,2
2.74502,4.50399,1
1.51574,-3.40357,2
0.18543,-4.53875,2
2.96532,3.23421,1
0.34903,4.09151,1
3.33231,2.25151,1
3.17318,3.38532,1
-3.27768,-3.57924,2
3.22746,4.30714,1
-1.73168,0.60503,2
-2.12974,-1.34797,2
4.62862,1.61990,1
-7.09592,-0.76838,2
3.62181,1.42978,1
-1.57190,0.67166,2
2.53658,2.53427,1
-4.86679,-4.66021,2
2.55450,4.45338,1
-2.21337,-0.03007,2
4.40279,1.59815,1
-2.73901,-4.26170,2
1.44337,3.60601,1
-4.71069,-0.25485,2
-2.29135,-0.81939,2
2.16078,2.69079,1
-1.21444,-6.41147,2
3.01843,3.34758,1
2.73013,2.02124,1
-2.86870,-4.22699,2
-3.66764,-3.37598,2
-2.24106,-5.34096,2
-4.35685,-3.50643,2
-2.33705,-4.34659,2
3.70775,2.43753,1
-2.69250,-3.42638,2
-0.79169,-0.08922,2
2.51056,4.04416,1
1.67977,4.83146,1
-3.15501,-3.97579,2
-4.30448,-3.87600,2
-3.35688,-2.27757,2
-4.59349,-6.51259,2
-0.84853,-0.27835,2
-3.02044,-4.05954,2
-3.92457,-5.02528,2
3.06023,5.46324,1
-3.01290,-2.93699,2
3.21409,1.75426,1
3.06980,2.61469,1
3.59310,2.69045,1
-4.02955,-2.95350,2
3.38020,3.61059,1
-2.30818,-2.21597,2
2.52807,4.08895,1
-3.92899,-0.31579,2
-2.13855,-0.55976,2
1.55199,0.80119,1
-1.46419,-5.09170,2
4.54751,4.79588,1
-5.82588,-2.82417,2
-3.42876,-3.04342,2
3.24196,1.08672,1
5.57336,3.05922,1
-2.80691,1.50207,2
-2.99092,-1.77847,2
3.64769,4.52303,1
2.17100,2.43982,1
2.15321,1.48515,1
3.35702,2.30709,1
3.01300,4.45353,1
-5.22102,-0.94658,2
1.80870,3.65655,1
1.93238,2.85762,1
-3.31768,-5.19691,2
1.71004,1.70492,1
6.07888,4.11957,1
-1.54342,-4.43902,2
4.24609,0.92661,1
-3.81133,-1.83090,2
-5.14072,-4.58405,2
-1.79400,-2.84827,2
2.75876,3.35206,1
3.17087,2.81602,1
-5.35112,-0.08341,2
-2.25090,-2.87333,2
-4.61645,-1.57176,2
-0.23048,-0.53818,2
2.16764,3.47142,1
4.00629,2.42311,1
3.23561,3.77087,1
-4.19253,-3.55021,2
3.29307,2.28565,1
2.19151,2.49824,1
-1.31617,-2.02298,2
1.48063,2.51577,1
-3.13907,-6.78557,2
-3.08852,-2.76700,2
-5.21069,-3.65251,2
-5.22936,-1.54136,2
-0.72687,-3.55609,2
-4.14587,-4.64260,2
0.87610,2.47424,1
-3.58098,-5.43948,2
-5.20037,-2.47724,2
-3.56517,0.86161,2
-3.64896,0.76538,2
3.25049,3.34645,1
-3.20377,-5.10042,2
3.58686,5.19046,1
-2.59617,-3.12275,2
1.97877,3.70836,1
-2.54776,-4.34470,2
5.44575,3.12922,1
3.93568,4.27156,1
2.33738,3.57060,1
3.81352,1.76914,1
-1.66955,-5.21288,2
3.25988,3.78182,1
-2.04134,-9.04461,2
3.92618,4.90942,1
-2.83733,-7.19301,2
-1.25190,-4.64469,2
1.73912,3.91786,1
3.07580,2.32284,1
-3.27388,-5.55289,2
3.49671,2.86174,1
-1.92512,-6.36466,2
3.68189,4.84671,1
-3.05238,-4.36796,2
-4.44645,-1.62813,2
-4.06549,-2.92844,2
3.34176,4.87617,1
-3.24874,1.85438,2
4.14927,2.29682,1
2.02532,3.78708,1
3.63278,5.27069,1
1.58463,2.57935,1
2.73059,3.71754,1
2.16028,2.40061,1
-3.41787,-1.74575,2
2.75282,2.31802,1
-2.31198,-3.15764,2
-3.12803,-4.19703,2
-1.05563,-3.40897,2
-1.39661,-3.43583,2
2.97910,3.11733,1
-4.58338,-4.09310,2
2.60789,1.53649,1
-2.50999,-0.95103,2
-2.04798,-0.11603,2
-4.18682,-3.81606,2
-2.48047,-3.50642,2
-3.35473,-3.72153,2
1.98717,3.31425,1
-2.91277,-5.27145,2
-4.19778,0.56542,2
-4.13023,-4.44442,2
1.89367,1.80379,1
3.00524,3.04698,1
2.37686,2.44452,1
3.32693,2.78090,1
-1.48325,-1.79633,2
0.64826,-3.19740,2
-5.06129,-2.81566,2
-3.51906,-2.60546,2
3.48101,3.22388,1
3.64538,4.36863,1
-2.97334,-3.22045,2
2.39829,4.85228,1
-1.26485,-1.28699,2
-4.83400,-2.59522,2
3.18677,2.24462,1
2.29795,2.67234,1
3.49332,3.18484,1
5.56008,2.90394,1
3.09768,2.22699,1
3.71161,1.87536,1
3.65854,5.01020,1
2.48271,4.40935,1
-4.73142,-3.30960,2
-5.54839,-5.61645,2
3.34273,3.45675,1
5.18980,2.19170,1
-1.00464,-5.43821,2
3.65437,2.94442,1
2.01040,2.87421,1
-2.22008,-2.72451,2
-1.18837,-4.00024,2
-1.64702,-1.41662,2
2.95984,1.56922,1
3.57656,3.31125,1
3.98432,2.78601,1
0.38025,3.82190,1
-2.56185,-5.65555,2
-3.61040,-0.76771,2
-7.02845,-1.27443,2
2.47548,3.48937,1
2.98149,2.71134,1
2.96501,4.77080,1
-3.49401,-3.49969,2
2.75104,3.97157,1
2.84199,2.57312,1
2.75461,2.24626,1
-3.13985,-2.81702,2
1.62233,2.06217,1
-2.97923,-3.29967,2
3.97512,2.85294,1
-1.00282,-2.94584,2
-2.17076,-4.18202,2
-2.60544,-4.50597,2
-2.87817,-4.85055,2
-3.38343,0.33775,2
-0.91046,-2.80232,2
1.96275,2.80966,1
-3.39786,-1.35237,2
2.17450,2.67861,1
1.98790,1.34514,1
-3.39693,-4.68592,2
2.40761,2.13601,1
2.47728,4.04901,1
2.21675,2.67794,1
2.46024,2.22170,1
2.51239,2.56744,1
-2.53925,-1.70390,2
-4.13587,-0.95716,2
3.51935,4.53274,1
-1.68112,-2.49759,2
2.38721,2.61230,1
-6.66429,-4.28912,2
-1.94230,-7.42585,2
2.75426,2.72728,1
4.57921,3.76743,1
1.41610,3.76041,1
-3.39147,-3.49474,2
2.53936,4.05712,1
1.74846,4.44376,1
3.19652,3.70900,1
4.15811,3.79166,1
3.87232,3.18334,1
4.06667,4.16930,1
3.09176,1.01243,1
4.20121,2.59192,1
3.39445,2.57902,1
3.40825,1.29742,1
-2.62015,-2.87251,2
3.83569,1.87029,1
2.95441,3.24334,1
-3.75694,-0.65313,2
4.50340,3.87736,1
3.68626,1.38728,1
2.41064,3.84960,1
4.02916,3.47260,1
3.38407,2.96731,1
-3.05040,-1.95703,2
2.96044,3.68150,1
3.82206,4.89679,1
-0.24127,1.97561,1
3.13297,2.29988,1
4.25576,2.10539,1
-2.92654,-1.37297,2
-4.88265,-4.75753,2
-1.60597,-3.41847,2
-2.74069,-6.30695,2
2.22717,2.76318,1
-2.60379,-3.05905,2
3.87112,2.67398,1
2.11614,3.15373,1
3.27046,2.94976,1
-2.21866,-3.04391,2
-0.57928,-3.38672,2
-3.17024,-0.52449,2
2.24087,3.15039,1
3.51505,6.85273,1
2.78033,3.35711,1
3.05572,4.09419,1
3.63859,1.33848,1
-2.29900,-1.05447,2
-0.16296,0.44826,2
2.80764,3.30155,1
3.06428,1.92226,1
0.30311,2.94571,1
4.15860,2.17932,1
3.62567,2.14284,1
2.26963,3.21646,1
-1.73439,-4.60641,2
-1.46028,-3.83228,2
3.11423,3.15030,1
3.22213,2.52125,1
2.73111,1.89347,1
4.26691,2.29233,1
4.79769,3.64084,1
-3.05264,-3.16011,2
-4.36945,-1.77005,2
-2.39586,-0.83223,2
3.25972,2.09568,1
-2.63185,-2.35446,2
-0.70236,-2.72570,2
-2.66165,-5.39873,2
3.32613,1.74889,1
3.54710,2.79781,1
-3.42776,-4.37161,2
-2.29170,-1.57327,2
-3.48535,-2.39821,2
3.41293,2.43628,1
-2.10790,0.38418,2
3.04852,2.16905,1
-3.00477,-4.82955,2
0.02963,-3.05446,2
-3.11415,-1.36177,2
-1.85334,-3.30032,2
-2.40669,-3.27045,2
-3.23875,-3.23356,2
-4.16939,-4.96323,2
2.11049,2.18419,1
-2.79785,-5.66970,2
4.45114,3.95927,1
3.08705,2.70099,1
2.36261,4.18902,1
2.77904,3.02689,1
2.29566,1.59154,1
2.91785,4.11730,1
1.27508,2.43771,1
-2.44591,-4.22144,2
-1.85723,-4.19845,2
-2.40742,0.73999,2
3.07737,2.13872,1
-3.55387,-2.31118,2
4.68714,3.88164,1
0.52836,2.20310,1
-3.08579,1.25119,2
4.76545,3.40498,1
-3.22419,-0.32438,2
-3.91924,-3.50279,2
-3.21562,-2.70139,2
-3.11753,-6.14462,2
2.20953,3.47147,1
3.20886,1.04033,1
-4.42797,-8.28368,2
-3.60727,-2.71999,2
2.45508,3.39914,1
3.19906,2.39978,1
2.96725,2.45658,1
-3.44747,-5.44249,2
-5.49016,-6.17156,2
-1.51415,-2.55033,2
-0.71522,-0.84253,2
-3.45938,-0.80471,2
3.52980,4.44157,1
-5.32695,-6.10718,2
-2.18076,-3.03423,2
-2.54129,-5.02074,2
3.00511,2.76541,1
2.28715,3.10643,1
-1.52935,-4.49609,2
3.09700,3.59516,1
-0.69710,-1.72772,2
-3.97923,-3.95995,2
2.99640,1.84164,1
-4.51010,-5.35611,2
-1.51918,-2.49811,2
2.77654,3.71400,1
-0.77405,-4.08044,2
-1.72164,-2.02382,2
1.69553,3.66967,1
3.86961,4.35564,1
-4.56071,-5.21056,2
-4.19693,-1.91610,2
-5.47280,-1.22571,2
-2.37707,-6.56204,2
-5.03654,-5.45135,2
-2.72478,-4.39229,2
-1.95047,0.66707,2
3.19110,3.04644,1
-2.57320,-5.23246,2
4.16778,3.25442,1
3.50499,3.86576,1
-2.72460,-1.53336,2
2.39936,2.70831,1
1.87728,3.38241,1
-2.29756,-5.74936,2
4.52312,3.53891,1
-3.47209,-1.44156,2
3.30780,1.28983,1
-4.88660,-2.76437,2
2.53053,3.54256,1
1.39355,3.20346,1
0.06178,-1.98060,2
3.68195,2.68973,1
-3.08149,2.37420,2
-4.73610,-0.34026,2
-1.37558,-2.55151,2
1.81674,0.96077,1
-2.27001,-1.37864,2
-0.48933,-4.44501,2
-1.74977,-8.42077,2
3.78580,3.42546,1
-0.73917,-3.57869,2
2.08058,4.54993,1
2.63639,2.94305,1
-4.56017,1.59782,2
4.07363,1.97348,1
2.93392,1.78898,1
1.88942,4.75227,1
3.75699,2.07783,1
-3.97466,1.64042,2
3.83392,3.45918,1
3.34362,1.23696,1
3.32408,2.61492,1
-3.76746,-7.02729,2
1.65181,3.74326,1
1.28687,4.35387,1
2.03302,2.95229,1
2.73534,5.72017,1
-1.05446,-3.66537,2
-1.34151,-3.05714,2
-3.52327,-3.19759,2
3.33760,2.58812,1
-3.45583,0.61209,2
5.13303,1.04791,1
-3.82460,-1.07592,2
3.28587,3.33446,1
-1.23543,-3.65953,2
-6.04465,-5.46720,2
-1.73422,-6.53565,2
3.55979,4.08078,1
-4.34821,-4.07945,2
-2.23166,-2.72653,2
-5.35973,-3.57551,2
-3.34119,-2.08362,2
-0.31316,-1.49608,2
2.52505,2.34667,1
4.86577,3.47383,1
-2.89132,-3.29350,2
-3.29432,-3.07430,2
2.93732,3.95514,1
0.03370,-4.86789,2
-2.84647,-5.55745,2
2.54769,0.57612,1
3.95042,2.42310,1
-4.93719,-4.24659,2
-2.28159,-7.10588,2
-2.27439,-0.86875,2
2.03508,3.68605,1
-3.54945,-3.04183,2
-3.94840,-0.76263,2
-2.10173,-0.99829,2
2.48613,1.94079,1
2.42634,2.45314,1
-4.22496,-0.16979,2
3.24938,4.57745,1
3.27997,1.87451,1
-4.73091,-4.45183,2
2.46974,2.20713,1
-1.81419,-3.01357,2
-3.35362,0.11365,2
3.51766,2.27426,1
-0.29315,-4.39479,2
-1.96073,-1.90215,2
-5.03403,-2.74672,2
-2.79240,-4.08016,2
-2.79958,-0.28743,2
-5.07094,-5.74090,2
3.25755,2.92555,1
3.81253,4.35624,1
-2.15157,-5.70496,2
-1.69237,0.12905,2
-3.86236,-0.32425,2
3.17770,1.66466,1
4.63241,1.56986,1
-1.80156,-7.85824,2
-0.58083,-0.87505,2
-2.44185,0.73402,2
-3.95848,-5.23681,2
-4.37407,-6.01227,2
-4.37613,-2.73261,2
-2.57674,-1.34062,2
-1.13664,-2.62331,2
-4.37819,-3.29658,2
-3.93748,-4.56970,2
3.51504,3.51379,1
4.56552,2.93425,1
-5.28192,-6.06766,2
2.78232,4.09878,1
0.97486,3.18645,1
2.44635,1.80212,1
-4.24716,-3.05930,2
2.05060,5.63238,1
-3.61866,-4.98449,2
3.26705,3.88963,1
2.17778,3.24369,1
-3.49392,-3.77961,2
-1.32037,-5.63641,2
2.89124,3.40171,1
2.98650,1.94229,1
-3.20789,-2.90203,2
-3.14983,-4.04047,2
3.63241,3.97255,1
-3.31787,-6.05643,2
2.01849,3.46210,1
1.91894,4.05315,1
-7.06199,-5.61601,2
4.08305,4.05380,1
-1.92639,-1.78925,2
-2.27035,-2.85020,2
-2.48387,-2.66365,2
-2.60234,-1.30298,2
-2.48876,-4.36945,2
3.91540,3.32875,1
-2.47725,-0.37681,2
-2.54505,-2.40209,2
4.88619,3.17458,1
5.14394,3.63392,1
3.29612,3.26106,1
-4.13967,-6.76428,2
-1.04826,0.30164,2
-4.50972,1.61195,2
-3.67162,-1.68811,2
1.60143,3.56297,1
-2.22680,-1.12032,2
3.21102,2.90329,1
3.09965,2.49652,1
2.96687,4.79456,1
2.55382,1.11046,1
-3.49945,-2.56534,2
3.89960,3.30730,1
4.84896,4.12657,1
4.03100,3.93128,1
2.76585,2.76586,1
3.57707,2.79695,1
2.23674,1.19512,1
-4.45335,-2.64255,2
-5.49009,-1.73548,2
-1.05625,-4.33194,2
-1.29111,1.60966,2
2.52896,3.23205,1
-3.28791,-3.84776,2
-1.47258,1.18882,2
3.60790,3.18661,1
2.98775,2.10275,1
3.01393,2.97587,1
-3.41051,-0.94488,2
-2.87331,-1.75763,2
-1.89739,-3.68879,2
3.05821,1.85703,1
3.27158,1.72325,1
-3.52727,-1.38471,2
4.17930,3.06752,1
-3.36615,-2.36655,2
3.64548,5.16325,1
2.72495,0.69808,1
2.01427,3.50405,1
-5.25525,-4.04209,2
-4.85522,-2.97685,2
3.20838,0.95827,1
3.41343,4.87680,1
-1.93327,-1.21023,2
-4.47065,-0.52203,2
-1.79760,0.35580,2
2.22621,1.75535,1
-3.91491,-2.86666,2
-2.71552,-4.03892,2
-1.37585,-3.95336,2
3.18187,3.24822,1
-4.06879,-3.39122,2
-3.92116,-2.10627,2
-2.40029,-4.81033,2
-5.78085,-5.33626,2
-3.97992,-5.78136,2
-2.01980,-2.04114,2
3.20292,1.48426,1
-5.28581,-1.21128,2
-3.74819,-6.49396,2
-1.75032,-3.38601,2
-2.32536,-3.10492,2
3.35779,3.56078,1
-2.33858,-2.43262,2
2.46950,2.42418,1
-2.96992,-0.23111,2
-1.40660,-0.69116,2
2.28156,2.78655,1
-3.87801,-4.76154,2
-2.46096,-1.31548,2
-3.41776,-2.24313,2
4.50236,3.07409,1
-4.01704,-7.81161,2
-2.73882,-3.81688,2
3.93828,2.48396,1
2.95054,3.67482,1
-3.69001,-1.48411,2
-1.63657,-3.54595,2
-4.08891,-2.92379,2
4.17944,2.53082,1
3.85766,2.84006,1
-7.15834,-1.67277,2
3.11352,3.66213,1
-2.40094,-5.13572,2
-5.24031,-7.03194,2
-2.41480,-1.58283,2
3.02874,4.27845,1
4.42050,2.42925,1
-1.67867,-8.71074,2
4.16316,3.01023,1
-3.43165,-5.38167,2
-3.78289,0.75145,2
-4.87113,-4.42876,2
-4.99929,-2.62130,2
-1.59704,-4.49390,2
-3.47671,-2.66757,2
3.82542,3.81351,1
-3.85959,-7.74461,2
2.76907,3.69621,1
2.92557,3.62067,1
-4.26034,-3.60045,2
-3.57085,-3.74858,2
3.27669,3.82718,1
1.77787,3.71300,1
4.55115,3.11567,1
2.54064,2.15016,1
-1.02621,-0.07006,2
2.55349,3.85640,1
-4.77383,-1.22397,2
4.27766,2.40843,1
-3.36705,-1.85266,2
2.87208,2.04446,1
5.52693,2.46913,1
-1.03141,-2.59774,2
-1.32129,-0.52797,2
-1.84637,-2.31262,2
-2.66290,-5.07362,2
-1.99831,-0.34151,2
-2.44376,2.18618,2
1.71957,4.75479,1
-0.37792,-5.29015,2
-2.74603,-1.85087,2
-3.40447,-8.65789,2
-2.89251,-1.75154,2
3.06753,1.57525,1
2.44480,4.88116,1
-3.28804,-3.22395,2
1.71970,3.87246,1
2.96529,1.83132,1
3.12030,3.51444,1
3.09933,3.75139,1
-4.07027,-0.77277,2
3.33126,3.97555,1
2.88435,2.69890,1
-4.90350,-1.05172,2
4.03184,1.51444,1
-3.83787,-5.76009,2
-1.05735,-1.85692,2
5.29890,2.63716,1
2.98098,1.99747,1
1.84901,3.37570,1
-5.26552,-2.83133,2
3.32417,2.86986,1
-3.26442,-4.36291,2
-4.06671,-2.32329,2
-2.40331,-2.28142,2
2.69222,3.21915,1
2.32361,4.80094,1
2.09198,1.58770,1
1.76305,1.67954,1
3.82048,3.50727,1
-2.66230,-0.69622,2
1.52148,2.28016,1
3.69014,2.59878,1
2.65731,2.62856,1
2.52083,2.81434,1
-0.59270,-2.30943,2
3.28977,5.07540,1
4.59319,2.48878,1
-4.91850,-2.34358,2
2.83871,3.40405,1
2.56550,2.69083,1
-4.58345,-3.81044,2
-4.05672,-3.04778,2
1.62068,2.26907,1
-2.75900,-3.86799,2
2.88767,2.77903,1
-2.37500,-2.62288,2
2.66422,4.66902,1
-3.11008,-1.02531,2
-2.53506,-3.14342,2
4.96473,3.03526,1
-2.16762,-4.29809,2
-3.07887,-4.57645,2
2.32308,3.61168,1
-2.35861,0.60837,2
-4.06371,-3.69141,2
-4.30203,-1.79530,2
4.05842,1.24126,1
-2.28055,-2.40269,2
3.36867,2.60666,1
3.83034,2.14392,1
-1.66000,-0.48641,2
-2.72011,0.88173,2
-1.70012,-5.66905,2
5.31466,1.13273,1
3.22409,3.01259,1
2.45562,3.11092,1
1.47447,2.30809,1
4.20651,2.18306,1
2.74041,1.49686,1
-1.78039,-4.40138,2
-3.21393,-3.44126,2
-1.84350,-3.05596,2
2.14164,3.70031,1
0.61784,-4.23399,2
2.18178,5.09239,1
2.38848,1.59334,1
-2.21114,0.10860,2
-3.30394,-5.47243,2
1.44934,3.06856,1
-3.94982,-4.23052,2
-1.48658,-2.21414,2
1.79970,2.66550,1
3.96338,3.41278,1
-2.97797,-3.38700,2
2.47024,3.51327,1
1.52141,4.14375,1
-4.25130,-3.99121,2
-3.52271,-1.61012,2
5.15318,2.23265,1
-4.39608,-3.47210,2
-0.49366,-3.06153,2
-2.20251,0.09533,2
0.91807,4.69646,1
3.52194,3.29698,1
2.96237,4.10330,1
-4.95107,-5.17269,2
4.57957,2.47714,1
